0,DATE
1,01012009
2,02012009
3,03012009
4,04012009
5,05012009
6,06012009
7,07012009
8,08012009
9,09012009
10,10012009
11,11012009
12,12012009
13,13012009
14,14012009
15,15012009
16,16012009
17,17012009
18,18012009
19,19012009
20,20012009
21,21012009
22,22012009
23,23012009
24,24012009
25,25012009
26,26012009
27,27012009
28,28012009
29,29012009
30,30012009
31,31012009
32,01022009
33,02022009
34,03022009
35,04022009
36,05022009
37,06022009
38,07022009
39,08022009
40,09022009
41,10022009
42,11022009
43,12022009
44,13022009
45,14022009
46,15022009
47,16022009
48,17022009
49,18022009
50,19022009
51,20022009
52,21022009
53,22022009
54,23022009
55,24022009
56,25022009
57,26022009
58,27022009
59,28022009
60,01032009
61,02032009
62,03032009
63,04032009
64,05032009
65,06032009
66,07032009
67,08032009
68,09032009
69,10032009
70,11032009
71,12032009
72,13032009
73,14032009
74,15032009
75,16032009
76,17032009
77,18032009
78,19032009
79,20032009
80,21032009
81,22032009
82,23032009
83,24032009
84,25032009
85,26032009
86,27032009
87,28032009
88,29032009
89,30032009
90,31032009
91,01042009
92,02042009
93,03042009
94,04042009
95,05042009
96,06042009
97,07042009
98,08042009
99,09042009
100,10042009
101,11042009
102,12042009
103,13042009
104,14042009
105,15042009
106,16042009
107,17042009
108,18042009
109,19042009
110,20042009
111,21042009
112,22042009
113,23042009
114,24042009
115,25042009
116,26042009
117,27042009
118,28042009
119,29042009
120,30042009
121,01052009
122,02052009
123,03052009
124,04052009
125,05052009
126,06052009
127,07052009
128,08052009
129,09052009
130,10052009
131,11052009
132,12052009
133,13052009
134,14052009
135,15052009
136,16052009
137,17052009
138,18052009
139,19052009
140,20052009
141,21052009
142,22052009
143,23052009
144,24052009
145,25052009
146,26052009
147,27052009
148,28052009
149,29052009
150,30052009
151,31052009
152,01062009
153,02062009
154,03062009
155,04062009
156,05062009
157,06062009
158,07062009
159,08062009
160,09062009
161,10062009
162,11062009
163,12062009
164,13062009
165,14062009
166,15062009
167,16062009
168,17062009
169,18062009
170,19062009
171,20062009
172,21062009
173,22062009
174,23062009
175,24062009
176,25062009
177,26062009
178,27062009
179,28062009
180,29062009
181,30062009
182,01072009
183,02072009
184,03072009
185,04072009
186,05072009
187,06072009
188,07072009
189,08072009
190,09072009
191,10072009
192,11072009
193,12072009
194,13072009
195,14072009
196,15072009
197,16072009
198,17072009
199,18072009
200,19072009
201,20072009
202,21072009
203,22072009
204,23072009
205,24072009
206,25072009
207,26072009
208,27072009
209,28072009
210,29072009
211,30072009
212,31072009
213,01082009
214,02082009
215,03082009
216,04082009
217,05082009
218,06082009
219,07082009
220,08082009
221,09082009
222,10082009
223,11082009
224,12082009
225,13082009
226,14082009
227,15082009
228,16082009
229,17082009
230,18082009
231,19082009
232,20082009
233,21082009
234,22082009
235,23082009
236,24082009
237,25082009
238,26082009
239,27082009
240,28082009
241,29082009
242,30082009
243,31082009
244,01092009
245,02092009
246,03092009
247,04092009
248,05092009
249,06092009
250,07092009
251,08092009
252,09092009
253,10092009
254,11092009
255,12092009
256,13092009
257,14092009
258,15092009
259,16092009
260,17092009
261,18092009
262,19092009
263,20092009
264,21092009
265,22092009
266,23092009
267,24092009
268,25092009
269,26092009
270,27092009
271,28092009
272,29092009
273,30092009
274,01102009
275,02102009
276,03102009
277,04102009
278,05102009
279,06102009
280,07102009
281,08102009
282,09102009
283,10102009
284,11102009
285,12102009
286,13102009
287,14102009
288,15102009
289,16102009
290,17102009
291,18102009
292,19102009
293,20102009
294,21102009
295,22102009
296,23102009
297,24102009
298,25102009
299,26102009
300,27102009
301,28102009
302,29102009
303,30102009
304,31102009
305,01112009
306,02112009
307,03112009
308,04112009
309,05112009
310,06112009
311,07112009
312,08112009
313,09112009
314,10112009
315,11112009
316,12112009
317,13112009
318,14112009
319,15112009
320,16112009
321,17112009
322,18112009
323,19112009
324,20112009
325,21112009
326,22112009
327,23112009
328,24112009
329,25112009
330,26112009
331,27112009
332,28112009
333,29112009
334,30112009
335,01122009
336,02122009
337,03122009
338,04122009
339,05122009
340,06122009
341,07122009
342,08122009
343,09122009
344,10122009
345,11122009
346,12122009
347,13122009
348,14122009
349,15122009
350,16122009
351,17122009
352,18122009
353,19122009
354,20122009
355,21122009
356,22122009
357,23122009
358,24122009
359,25122009
360,26122009
361,27122009
362,28122009
363,29122009
364,30122009
365,31122009
366,01012010
367,02012010
368,03012010
369,04012010
370,05012010
371,06012010
372,07012010
373,08012010
374,09012010
375,10012010
376,11012010
377,12012010
378,13012010
379,14012010
380,15012010
381,16012010
382,17012010
383,18012010
384,19012010
385,20012010
386,21012010
387,22012010
388,23012010
389,24012010
390,25012010
391,26012010
392,27012010
393,28012010
394,29012010
395,30012010
396,31012010
397,01022010
398,02022010
399,03022010
400,04022010
401,05022010
402,06022010
403,07022010
404,08022010
405,09022010
406,10022010
407,11022010
408,12022010
409,13022010
410,14022010
411,15022010
412,16022010
413,17022010
414,18022010
415,19022010
416,20022010
417,21022010
418,22022010
419,23022010
420,24022010
421,25022010
422,26022010
423,27022010
424,28022010
425,01032010
426,02032010
427,03032010
428,04032010
429,05032010
430,06032010
431,07032010
432,08032010
433,09032010
434,10032010
435,11032010
436,12032010
437,13032010
438,14032010
439,15032010
440,16032010
441,17032010
442,18032010
443,19032010
444,20032010
445,21032010
446,22032010
447,23032010
448,24032010
449,25032010
450,26032010
451,27032010
452,28032010
453,29032010
454,30032010
455,31032010
456,01042010
457,02042010
458,03042010
459,04042010
460,05042010
461,06042010
462,07042010
463,08042010
464,09042010
465,10042010
466,11042010
467,12042010
468,13042010
469,14042010
470,15042010
471,16042010
472,17042010
473,18042010
474,19042010
475,20042010
476,21042010
477,22042010
478,23042010
479,24042010
480,25042010
481,26042010
482,27042010
483,28042010
484,29042010
485,30042010
486,01052010
487,02052010
488,03052010
489,04052010
490,05052010
491,06052010
492,07052010
493,08052010
494,09052010
495,10052010
496,11052010
497,12052010
498,13052010
499,14052010
500,15052010
501,16052010
502,17052010
503,18052010
504,19052010
505,20052010
506,21052010
507,22052010
508,23052010
509,24052010
510,25052010
511,26052010
512,27052010
513,28052010
514,29052010
515,30052010
516,31052010
517,01062010
518,02062010
519,03062010
520,04062010
521,05062010
522,06062010
523,07062010
524,08062010
525,09062010
526,10062010
527,11062010
528,12062010
529,13062010
530,14062010
531,15062010
532,16062010
533,17062010
534,18062010
535,19062010
536,20062010
537,21062010
538,22062010
539,23062010
540,24062010
541,25062010
542,26062010
543,27062010
544,28062010
545,29062010
546,30062010
547,01072010
548,02072010
549,03072010
550,04072010
551,05072010
552,06072010
553,07072010
554,08072010
555,09072010
556,10072010
557,11072010
558,12072010
559,13072010
560,14072010
561,15072010
562,16072010
563,17072010
564,18072010
565,19072010
566,20072010
567,21072010
568,22072010
569,23072010
570,24072010
571,25072010
572,26072010
573,27072010
574,28072010
575,29072010
576,30072010
577,31072010
578,01082010
579,02082010
580,03082010
581,04082010
582,05082010
583,06082010
584,07082010
585,08082010
586,09082010
587,10082010
588,11082010
589,12082010
590,13082010
591,14082010
592,15082010
593,16082010
594,17082010
595,18082010
596,19082010
597,20082010
598,21082010
599,22082010
600,23082010
601,24082010
602,25082010
603,26082010
604,27082010
605,28082010
606,29082010
607,30082010
608,31082010
609,01092010
610,02092010
611,03092010
612,04092010
613,05092010
614,06092010
615,07092010
616,08092010
617,09092010
618,10092010
619,11092010
620,12092010
621,13092010
622,14092010
623,15092010
624,16092010
625,17092010
626,18092010
627,19092010
628,20092010
629,21092010
630,22092010
631,23092010
632,24092010
633,25092010
634,26092010
635,27092010
636,28092010
637,29092010
638,30092010
639,01102010
640,02102010
641,03102010
642,04102010
643,05102010
644,06102010
645,07102010
646,08102010
647,09102010
648,10102010
649,11102010
650,12102010
651,13102010
652,14102010
653,15102010
654,16102010
655,17102010
656,18102010
657,19102010
658,20102010
659,21102010
660,22102010
661,23102010
662,24102010
663,25102010
664,26102010
665,27102010
666,28102010
667,29102010
668,30102010
669,31102010
670,01112010
671,02112010
672,03112010
673,04112010
674,05112010
675,06112010
676,07112010
677,08112010
678,09112010
679,10112010
680,11112010
681,12112010
682,13112010
683,14112010
684,15112010
685,16112010
686,17112010
687,18112010
688,19112010
689,20112010
690,21112010
691,22112010
692,23112010
693,24112010
694,25112010
695,26112010
696,27112010
697,28112010
698,29112010
699,30112010
700,01122010
701,02122010
702,03122010
703,04122010
704,05122010
705,06122010
706,07122010
707,08122010
708,09122010
709,10122010
710,11122010
711,12122010
712,13122010
713,14122010
714,15122010
715,16122010
716,17122010
717,18122010
718,19122010
719,20122010
720,21122010
721,22122010
722,23122010
723,24122010
724,25122010
725,26122010
726,27122010
727,28122010
728,29122010
729,30122010
730,31122010
731,01012011
732,02012011
733,03012011
734,04012011
735,05012011
736,06012011
737,07012011
738,08012011
739,09012011
740,10012011
741,11012011
742,12012011
743,13012011
744,14012011
745,15012011
746,16012011
747,17012011
748,18012011
749,19012011
750,20012011
751,21012011
752,22012011
753,23012011
754,24012011
755,25012011
756,26012011
757,27012011
758,28012011
759,29012011
760,30012011
761,31012011
762,01022011
763,02022011
764,03022011
765,04022011
766,05022011
767,06022011
768,07022011
769,08022011
770,09022011
771,10022011
772,11022011
773,12022011
774,13022011
775,14022011
776,15022011
777,16022011
778,17022011
779,18022011
780,19022011
781,20022011
782,21022011
783,22022011
784,23022011
785,24022011
786,25022011
787,26022011
788,27022011
789,28022011
790,01032011
791,02032011
792,03032011
793,04032011
794,05032011
795,06032011
796,07032011
797,08032011
798,09032011
799,10032011
800,11032011
801,12032011
802,13032011
803,14032011
804,15032011
805,16032011
806,17032011
807,18032011
808,19032011
809,20032011
810,21032011
811,22032011
812,23032011
813,24032011
814,25032011
815,26032011
816,27032011
817,28032011
818,29032011
819,30032011
820,31032011
821,01042011
822,02042011
823,03042011
824,04042011
825,05042011
826,06042011
827,07042011
828,08042011
829,09042011
830,10042011
831,11042011
832,12042011
833,13042011
834,14042011
835,15042011
836,16042011
837,17042011
838,18042011
839,19042011
840,20042011
841,21042011
842,22042011
843,23042011
844,24042011
845,25042011
846,26042011
847,27042011
848,28042011
849,29042011
850,30042011
851,01052011
852,02052011
853,03052011
854,04052011
855,05052011
856,06052011
857,07052011
858,08052011
859,09052011
860,10052011
861,11052011
862,12052011
863,13052011
864,14052011
865,15052011
866,16052011
867,17052011
868,18052011
869,19052011
870,20052011
871,21052011
872,22052011
873,23052011
874,24052011
875,25052011
876,26052011
877,27052011
878,28052011
879,29052011
880,30052011
881,31052011
882,01062011
883,02062011
884,03062011
885,04062011
886,05062011
887,06062011
888,07062011
889,08062011
890,09062011
891,10062011
892,11062011
893,12062011
894,13062011
895,14062011
896,15062011
897,16062011
898,17062011
899,18062011
900,19062011
901,20062011
902,21062011
903,22062011
904,23062011
905,24062011
906,25062011
907,26062011
908,27062011
909,28062011
910,29062011
911,30062011
912,01072011
913,02072011
914,03072011
915,04072011
916,05072011
917,06072011
918,07072011
919,08072011
920,09072011
921,10072011
922,11072011
923,12072011
924,13072011
925,14072011
926,15072011
927,16072011
928,17072011
929,18072011
930,19072011
931,20072011
932,21072011
933,22072011
934,23072011
935,24072011
936,25072011
937,26072011
938,27072011
939,28072011
940,29072011
941,30072011
942,31072011
943,01082011
944,02082011
945,03082011
946,04082011
947,05082011
948,06082011
949,07082011
950,08082011
951,09082011
952,10082011
953,11082011
954,12082011
955,13082011
956,14082011
957,15082011
958,16082011
959,17082011
960,18082011
961,19082011
962,20082011
963,21082011
964,22082011
965,23082011
966,24082011
967,25082011
968,26082011
969,27082011
970,28082011
971,29082011
972,30082011
973,31082011
974,01092011
975,02092011
976,03092011
977,04092011
978,05092011
979,06092011
980,07092011
981,08092011
982,09092011
983,10092011
984,11092011
985,12092011
986,13092011
987,14092011
988,15092011
989,16092011
990,17092011
991,18092011
992,19092011
993,20092011
994,21092011
995,22092011
996,23092011
997,24092011
998,25092011
999,26092011
1000,27092011
1001,28092011
1002,29092011
1003,30092011
1004,01102011
1005,02102011
1006,03102011
1007,04102011
1008,05102011
1009,06102011
1010,07102011
1011,08102011
1012,09102011
1013,10102011
1014,11102011
1015,12102011
1016,13102011
1017,14102011
1018,15102011
1019,16102011
1020,17102011
1021,18102011
1022,19102011
1023,20102011
1024,21102011
1025,22102011
1026,23102011
1027,24102011
1028,25102011
1029,26102011
1030,27102011
1031,28102011
1032,29102011
1033,30102011
1034,31102011
1035,01112011
1036,02112011
1037,03112011
1038,04112011
1039,05112011
1040,06112011
1041,07112011
1042,08112011
1043,09112011
1044,10112011
1045,11112011
1046,12112011
1047,13112011
1048,14112011
1049,15112011
1050,16112011
1051,17112011
1052,18112011
1053,19112011
1054,20112011
1055,21112011
1056,22112011
1057,23112011
1058,24112011
1059,25112011
1060,26112011
1061,27112011
1062,28112011
1063,29112011
1064,30112011
1065,01122011
1066,02122011
1067,03122011
1068,04122011
1069,05122011
1070,06122011
1071,07122011
1072,08122011
1073,09122011
1074,10122011
1075,11122011
1076,12122011
1077,13122011
1078,14122011
1079,15122011
1080,16122011
1081,17122011
1082,18122011
1083,19122011
1084,20122011
1085,21122011
1086,22122011
1087,23122011
1088,24122011
1089,25122011
1090,26122011
1091,27122011
1092,28122011
1093,29122011
1094,30122011
1095,31122011
1096,01012012
1097,02012012
1098,03012012
1099,04012012
1100,05012012
1101,06012012
1102,07012012
1103,08012012
1104,09012012
1105,10012012
1106,11012012
1107,12012012
1108,13012012
1109,14012012
1110,15012012
1111,16012012
1112,17012012
1113,18012012
1114,19012012
1115,20012012
1116,21012012
1117,22012012
1118,23012012
1119,24012012
1120,25012012
1121,26012012
1122,27012012
1123,28012012
1124,29012012
1125,30012012
1126,31012012
1127,01022012
1128,02022012
1129,03022012
1130,04022012
1131,05022012
1132,06022012
1133,07022012
1134,08022012
1135,09022012
1136,10022012
1137,11022012
1138,12022012
1139,13022012
1140,14022012
1141,15022012
1142,16022012
1143,17022012
1144,18022012
1145,19022012
1146,20022012
1147,21022012
1148,22022012
1149,23022012
1150,24022012
1151,25022012
1152,26022012
1153,27022012
1154,28022012
1155,29022012
1156,01032012
1157,02032012
1158,03032012
1159,04032012
1160,05032012
1161,06032012
1162,07032012
1163,08032012
1164,09032012
1165,10032012
1166,11032012
1167,12032012
1168,13032012
1169,14032012
1170,15032012
1171,16032012
1172,17032012
1173,18032012
1174,19032012
1175,20032012
1176,21032012
1177,22032012
1178,23032012
1179,24032012
1180,25032012
1181,26032012
1182,27032012
1183,28032012
1184,29032012
1185,30032012
1186,31032012
1187,01042012
1188,02042012
1189,03042012
1190,04042012
1191,05042012
1192,06042012
1193,07042012
1194,08042012
1195,09042012
1196,10042012
1197,11042012
1198,12042012
1199,13042012
1200,14042012
1201,15042012
1202,16042012
1203,17042012
1204,18042012
1205,19042012
1206,20042012
1207,21042012
1208,22042012
1209,23042012
1210,24042012
1211,25042012
1212,26042012
1213,27042012
1214,28042012
1215,29042012
1216,30042012
1217,01052012
1218,02052012
1219,03052012
1220,04052012
1221,05052012
1222,06052012
1223,07052012
1224,08052012
1225,09052012
1226,10052012
1227,11052012
1228,12052012
1229,13052012
1230,14052012
1231,15052012
1232,16052012
1233,17052012
1234,18052012
1235,19052012
1236,20052012
1237,21052012
1238,22052012
1239,23052012
1240,24052012
1241,25052012
1242,26052012
1243,27052012
1244,28052012
1245,29052012
1246,30052012
1247,31052012
1248,01062012
1249,02062012
1250,03062012
1251,04062012
1252,05062012
1253,06062012
1254,07062012
1255,08062012
1256,09062012
1257,10062012
1258,11062012
1259,12062012
1260,13062012
1261,14062012
1262,15062012
1263,16062012
1264,17062012
1265,18062012
1266,19062012
1267,20062012
1268,21062012
1269,22062012
1270,23062012
1271,24062012
1272,25062012
1273,26062012
1274,27062012
1275,28062012
1276,29062012
1277,30062012
1278,01072012
1279,02072012
1280,03072012
1281,04072012
1282,05072012
1283,06072012
1284,07072012
1285,08072012
1286,09072012
1287,10072012
1288,11072012
1289,12072012
1290,13072012
1291,14072012
1292,15072012
1293,16072012
1294,17072012
1295,18072012
1296,19072012
1297,20072012
1298,21072012
1299,22072012
1300,23072012
1301,24072012
1302,25072012
1303,26072012
1304,27072012
1305,28072012
1306,29072012
1307,30072012
1308,31072012
1309,01082012
1310,02082012
1311,03082012
1312,04082012
1313,05082012
1314,06082012
1315,07082012
1316,08082012
1317,09082012
1318,10082012
1319,11082012
1320,12082012
1321,13082012
1322,14082012
1323,15082012
1324,16082012
1325,17082012
1326,18082012
1327,19082012
1328,20082012
1329,21082012
1330,22082012
1331,23082012
1332,24082012
1333,25082012
1334,26082012
1335,27082012
1336,28082012
1337,29082012
1338,30082012
1339,31082012
1340,01092012
1341,02092012
1342,03092012
1343,04092012
1344,05092012
1345,06092012
1346,07092012
1347,08092012
1348,09092012
1349,10092012
1350,11092012
1351,12092012
1352,13092012
1353,14092012
1354,15092012
1355,16092012
1356,17092012
1357,18092012
1358,19092012
1359,20092012
1360,21092012
1361,22092012
1362,23092012
1363,24092012
1364,25092012
1365,26092012
1366,27092012
1367,28092012
1368,29092012
1369,30092012
1370,01102012
1371,02102012
1372,03102012
1373,04102012
1374,05102012
1375,06102012
1376,07102012
1377,08102012
1378,09102012
1379,10102012
1380,11102012
1381,12102012
1382,13102012
1383,14102012
1384,15102012
1385,16102012
1386,17102012
1387,18102012
1388,19102012
1389,20102012
1390,21102012
1391,22102012
1392,23102012
1393,24102012
1394,25102012
1395,26102012
1396,27102012
1397,28102012
1398,29102012
1399,30102012
1400,31102012
1401,01112012
1402,02112012
1403,03112012
1404,04112012
1405,05112012
1406,06112012
1407,07112012
1408,08112012
1409,09112012
1410,10112012
1411,11112012
1412,12112012
1413,13112012
1414,14112012
1415,15112012
1416,16112012
1417,17112012
1418,18112012
1419,19112012
1420,20112012
1421,21112012
1422,22112012
1423,23112012
1424,24112012
1425,25112012
1426,26112012
1427,27112012
1428,28112012
1429,29112012
1430,30112012
1431,01122012
1432,02122012
1433,03122012
1434,04122012
1435,05122012
1436,06122012
1437,07122012
1438,08122012
1439,09122012
1440,10122012
1441,11122012
1442,12122012
1443,13122012
1444,14122012
1445,15122012
1446,16122012
1447,17122012
1448,18122012
1449,19122012
1450,20122012
1451,21122012
1452,22122012
1453,23122012
1454,24122012
1455,25122012
1456,26122012
1457,27122012
1458,28122012
1459,29122012
1460,30122012
1461,31122012
1462,01012013
1463,02012013
1464,03012013
1465,04012013
1466,05012013
1467,06012013
1468,07012013
1469,08012013
1470,09012013
1471,10012013
1472,11012013
1473,12012013
1474,13012013
1475,14012013
1476,15012013
1477,16012013
1478,17012013
1479,18012013
1480,19012013
1481,20012013
1482,21012013
1483,22012013
1484,23012013
1485,24012013
1486,25012013
1487,26012013
1488,27012013
1489,28012013
1490,29012013
1491,30012013
1492,31012013
1493,01022013
1494,02022013
1495,03022013
1496,04022013
1497,05022013
1498,06022013
1499,07022013
1500,08022013
1501,09022013
1502,10022013
1503,11022013
1504,12022013
1505,13022013
1506,14022013
1507,15022013
1508,16022013
1509,17022013
1510,18022013
1511,19022013
1512,20022013
1513,21022013
1514,22022013
1515,23022013
1516,24022013
1517,25022013
1518,26022013
1519,27022013
1520,28022013
1521,01032013
1522,02032013
1523,03032013
1524,04032013
1525,05032013
1526,06032013
1527,07032013
1528,08032013
1529,09032013
1530,10032013
1531,11032013
1532,12032013
1533,13032013
1534,14032013
1535,15032013
1536,16032013
1537,17032013
1538,18032013
1539,19032013
1540,20032013
1541,21032013
1542,22032013
1543,23032013
1544,24032013
1545,25032013
1546,26032013
1547,27032013
1548,28032013
1549,29032013
1550,30032013
1551,31032013
1552,01042013
1553,02042013
1554,03042013
1555,04042013
1556,05042013
1557,06042013
1558,07042013
1559,08042013
1560,09042013
1561,10042013
1562,11042013
1563,12042013
1564,13042013
1565,14042013
1566,15042013
1567,16042013
1568,17042013
1569,18042013
1570,19042013
1571,20042013
1572,21042013
1573,22042013
1574,23042013
1575,24042013
1576,25042013
1577,26042013
1578,27042013
1579,28042013
1580,29042013
1581,30042013
1582,01052013
1583,02052013
1584,03052013
1585,04052013
1586,05052013
1587,06052013
1588,07052013
1589,08052013
1590,09052013
1591,10052013
1592,11052013
1593,12052013
1594,13052013
1595,14052013
1596,15052013
1597,16052013
1598,17052013
1599,18052013
1600,19052013
1601,20052013
1602,21052013
1603,22052013
1604,23052013
1605,24052013
1606,25052013
1607,26052013
1608,27052013
1609,28052013
1610,29052013
1611,30052013
1612,31052013
1613,01062013
1614,02062013
1615,03062013
1616,04062013
1617,05062013
1618,06062013
1619,07062013
1620,08062013
1621,09062013
1622,10062013
1623,11062013
1624,12062013
1625,13062013
1626,14062013
1627,15062013
1628,16062013
1629,17062013
1630,18062013
1631,19062013
1632,20062013
1633,21062013
1634,22062013
1635,23062013
1636,24062013
1637,25062013
1638,26062013
1639,27062013
1640,28062013
1641,29062013
1642,30062013
1643,01072013
1644,02072013
1645,03072013
1646,04072013
1647,05072013
1648,06072013
1649,07072013
1650,08072013
1651,09072013
1652,10072013
1653,11072013
1654,12072013
1655,13072013
1656,14072013
1657,15072013
1658,16072013
1659,17072013
1660,18072013
1661,19072013
1662,20072013
1663,21072013
1664,22072013
1665,23072013
1666,24072013
1667,25072013
1668,26072013
1669,27072013
1670,28072013
1671,29072013
1672,30072013
1673,31072013
1674,01082013
1675,02082013
1676,03082013
1677,04082013
1678,05082013
1679,06082013
1680,07082013
1681,08082013
1682,09082013
1683,10082013
1684,11082013
1685,12082013
1686,13082013
1687,14082013
1688,15082013
1689,16082013
1690,17082013
1691,18082013
1692,19082013
1693,20082013
1694,21082013
1695,22082013
1696,23082013
1697,24082013
1698,25082013
1699,26082013
1700,27082013
1701,28082013
1702,29082013
1703,30082013
1704,31082013
1705,01092013
1706,02092013
1707,03092013
1708,04092013
1709,05092013
1710,06092013
1711,07092013
1712,08092013
1713,09092013
1714,10092013
1715,11092013
1716,12092013
1717,13092013
1718,14092013
1719,15092013
1720,16092013
1721,17092013
1722,18092013
1723,19092013
1724,20092013
1725,21092013
1726,22092013
1727,23092013
1728,24092013
1729,25092013
1730,26092013
1731,27092013
1732,28092013
1733,29092013
1734,30092013
1735,01102013
1736,02102013
1737,03102013
1738,04102013
1739,05102013
1740,06102013
1741,07102013
1742,08102013
1743,09102013
1744,10102013
1745,11102013
1746,12102013
1747,13102013
1748,14102013
1749,15102013
1750,16102013
1751,17102013
1752,18102013
1753,19102013
1754,20102013
1755,21102013
1756,22102013
1757,23102013
1758,24102013
1759,25102013
1760,26102013
1761,27102013
1762,28102013
1763,29102013
1764,30102013
1765,31102013
1766,01112013
1767,02112013
1768,03112013
1769,04112013
1770,05112013
1771,06112013
1772,07112013
1773,08112013
1774,09112013
1775,10112013
1776,11112013
1777,12112013
1778,13112013
1779,14112013
1780,15112013
1781,16112013
1782,17112013
1783,18112013
1784,19112013
1785,20112013
1786,21112013
1787,22112013
1788,23112013
1789,24112013
1790,25112013
1791,26112013
1792,27112013
1793,28112013
1794,29112013
1795,30112013
1796,01122013
1797,02122013
1798,03122013
1799,04122013
1800,05122013
1801,06122013
1802,07122013
1803,08122013
1804,09122013
1805,10122013
1806,11122013
1807,12122013
1808,13122013
1809,14122013
1810,15122013
1811,16122013
1812,17122013
1813,18122013
1814,19122013
1815,20122013
1816,21122013
1817,22122013
1818,23122013
1819,24122013
1820,25122013
1821,26122013
1822,27122013
1823,28122013
1824,29122013
1825,30122013
1826,31122013
1827,01012014
1828,02012014
1829,03012014
1830,04012014
1831,05012014
1832,06012014
1833,07012014
1834,08012014
1835,09012014
1836,10012014
1837,11012014
1838,12012014
1839,13012014
1840,14012014
1841,15012014
1842,16012014
1843,17012014
1844,18012014
1845,19012014
1846,20012014
1847,21012014
1848,22012014
1849,23012014
1850,24012014
1851,25012014
1852,26012014
1853,27012014
1854,28012014
1855,29012014
1856,30012014
1857,31012014
1858,01022014
1859,02022014
1860,03022014
1861,04022014
1862,05022014
1863,06022014
1864,07022014
1865,08022014
1866,09022014
1867,10022014
1868,11022014
1869,12022014
1870,13022014
1871,14022014
1872,15022014
1873,16022014
1874,17022014
1875,18022014
1876,19022014
1877,20022014
1878,21022014
1879,22022014
1880,23022014
1881,24022014
1882,25022014
1883,26022014
1884,27022014
1885,28022014
1886,01032014
1887,02032014
1888,03032014
1889,04032014
1890,05032014
1891,06032014
1892,07032014
1893,08032014
1894,09032014
1895,10032014
1896,11032014
1897,12032014
1898,13032014
1899,14032014
1900,15032014
1901,16032014
1902,17032014
1903,18032014
1904,19032014
1905,20032014
1906,21032014
1907,22032014
1908,23032014
1909,24032014
1910,25032014
1911,26032014
1912,27032014
1913,28032014
1914,29032014
1915,30032014
1916,31032014
1917,01042014
1918,02042014
1919,03042014
1920,04042014
1921,05042014
1922,06042014
1923,07042014
1924,08042014
1925,09042014
1926,10042014
1927,11042014
1928,12042014
1929,13042014
1930,14042014
1931,15042014
1932,16042014
1933,17042014
1934,18042014
1935,19042014
1936,20042014
1937,21042014
1938,22042014
1939,23042014
1940,24042014
1941,25042014
1942,26042014
1943,27042014
1944,28042014
1945,29042014
1946,30042014
1947,01052014
1948,02052014
1949,03052014
1950,04052014
1951,05052014
1952,06052014
1953,07052014
1954,08052014
1955,09052014
1956,10052014
1957,11052014
1958,12052014
1959,13052014
1960,14052014
1961,15052014
1962,16052014
1963,17052014
1964,18052014
1965,19052014
1966,20052014
1967,21052014
1968,22052014
1969,23052014
1970,24052014
1971,25052014
1972,26052014
1973,27052014
1974,28052014
1975,29052014
1976,30052014
1977,31052014
1978,01062014
1979,02062014
1980,03062014
1981,04062014
1982,05062014
1983,06062014
1984,07062014
1985,08062014
1986,09062014
1987,10062014
1988,11062014
1989,12062014
1990,13062014
1991,14062014
1992,15062014
1993,16062014
1994,17062014
1995,18062014
1996,19062014
1997,20062014
1998,21062014
1999,22062014
2000,23062014
2001,24062014
2002,25062014
2003,26062014
2004,27062014
2005,28062014
2006,29062014
2007,30062014
2008,01072014
2009,02072014
2010,03072014
2011,04072014
2012,05072014
2013,06072014
2014,07072014
2015,08072014
2016,09072014
2017,10072014
2018,11072014
2019,12072014
2020,13072014
2021,14072014
2022,15072014
2023,16072014
2024,17072014
2025,18072014
2026,19072014
2027,20072014
2028,21072014
2029,22072014
2030,23072014
2031,24072014
2032,25072014
2033,26072014
2034,27072014
2035,28072014
2036,29072014
2037,30072014
2038,31072014
2039,01082014
2040,02082014
2041,03082014
2042,04082014
2043,05082014
2044,06082014
2045,07082014
2046,08082014
2047,09082014
2048,10082014
2049,11082014
2050,12082014
2051,13082014
2052,14082014
2053,15082014
2054,16082014
2055,17082014
2056,18082014
2057,19082014
2058,20082014
2059,21082014
2060,22082014
2061,23082014
2062,24082014
2063,25082014
2064,26082014
2065,27082014
2066,28082014
2067,29082014
2068,30082014
2069,31082014
2070,01092014
2071,02092014
2072,03092014
2073,04092014
2074,05092014
2075,06092014
2076,07092014
2077,08092014
2078,09092014
2079,10092014
2080,11092014
2081,12092014
2082,13092014
2083,14092014
2084,15092014
2085,16092014
2086,17092014
2087,18092014
2088,19092014
2089,20092014
2090,21092014
2091,22092014
2092,23092014
2093,24092014
2094,25092014
2095,26092014
2096,27092014
2097,28092014
2098,29092014
2099,30092014
2100,01102014
2101,02102014
2102,03102014
2103,04102014
2104,05102014
2105,06102014
2106,07102014
2107,08102014
2108,09102014
2109,10102014
2110,11102014
2111,12102014
2112,13102014
2113,14102014
2114,15102014
2115,16102014
2116,17102014
2117,18102014
2118,19102014
2119,20102014
2120,21102014
2121,22102014
2122,23102014
2123,24102014
2124,25102014
2125,26102014
2126,27102014
2127,28102014
2128,29102014
2129,30102014
2130,31102014
2131,01112014
2132,02112014
2133,03112014
2134,04112014
2135,05112014
2136,06112014
2137,07112014
2138,08112014
2139,09112014
2140,10112014
2141,11112014
2142,12112014
2143,13112014
2144,14112014
2145,15112014
2146,16112014
2147,17112014
2148,18112014
2149,19112014
2150,20112014
2151,21112014
2152,22112014
2153,23112014
2154,24112014
2155,25112014
2156,26112014
2157,27112014
2158,28112014
2159,29112014
2160,30112014
2161,01122014
2162,02122014
2163,03122014
2164,04122014
2165,05122014
2166,06122014
2167,07122014
2168,08122014
2169,09122014
2170,10122014
2171,11122014
2172,12122014
2173,13122014
2174,14122014
2175,15122014
2176,16122014
2177,17122014
2178,18122014
2179,19122014
2180,20122014
2181,21122014
2182,22122014
2183,23122014
2184,24122014
2185,25122014
2186,26122014
2187,27122014
2188,28122014
2189,29122014
2190,30122014
2191,31122014
2192,01012015
2193,02012015
2194,03012015
2195,04012015
2196,05012015
2197,06012015
2198,07012015
2199,08012015
2200,09012015
2201,10012015
2202,11012015
2203,12012015
2204,13012015
2205,14012015
2206,15012015
2207,16012015
2208,17012015
2209,18012015
2210,19012015
2211,20012015
2212,21012015
2213,22012015
2214,23012015
2215,24012015
2216,25012015
2217,26012015
2218,27012015
2219,28012015
2220,29012015
2221,30012015
2222,31012015
2223,01022015
2224,02022015
2225,03022015
2226,04022015
2227,05022015
2228,06022015
2229,07022015
2230,08022015
2231,09022015
2232,10022015
2233,11022015
2234,12022015
2235,13022015
2236,14022015
2237,15022015
2238,16022015
2239,17022015
2240,18022015
2241,19022015
2242,20022015
2243,21022015
2244,22022015
2245,23022015
2246,24022015
2247,25022015
2248,26022015
2249,27022015
2250,28022015
2251,01032015
2252,02032015
2253,03032015
2254,04032015
2255,05032015
2256,06032015
2257,07032015
2258,08032015
2259,09032015
2260,10032015
2261,11032015
2262,12032015
2263,13032015
2264,14032015
2265,15032015
2266,16032015
2267,17032015
2268,18032015
2269,19032015
2270,20032015
2271,21032015
2272,22032015
2273,23032015
2274,24032015
2275,25032015
2276,26032015
2277,27032015
2278,28032015
2279,29032015
2280,30032015
2281,31032015
2282,01042015
2283,02042015
2284,03042015
2285,04042015
2286,05042015
2287,06042015
2288,07042015
2289,08042015
2290,09042015
2291,10042015
2292,11042015
2293,12042015
2294,13042015
2295,14042015
2296,15042015
2297,16042015
2298,17042015
2299,18042015
2300,19042015
2301,20042015
2302,21042015
2303,22042015
2304,23042015
2305,24042015
2306,25042015
2307,26042015
2308,27042015
2309,28042015
2310,29042015
2311,30042015
2312,01052015
2313,02052015
2314,03052015
2315,04052015
2316,05052015
2317,06052015
2318,07052015
2319,08052015
2320,09052015
2321,10052015
2322,11052015
2323,12052015
2324,13052015
2325,14052015
2326,15052015
2327,16052015
2328,17052015
2329,18052015
2330,19052015
2331,20052015
2332,21052015
2333,22052015
2334,23052015
2335,24052015
2336,25052015
2337,26052015
2338,27052015
2339,28052015
2340,29052015
2341,30052015
2342,31052015
2343,01062015
2344,02062015
2345,03062015
2346,04062015
2347,05062015
2348,06062015
2349,07062015
2350,08062015
2351,09062015
2352,10062015
2353,11062015
2354,12062015
2355,13062015
2356,14062015
2357,15062015
2358,16062015
2359,17062015
2360,18062015
2361,19062015
2362,20062015
2363,21062015
2364,22062015
2365,23062015
2366,24062015
2367,25062015
2368,26062015
2369,27062015
2370,28062015
2371,29062015
2372,30062015
2373,01072015
2374,02072015
2375,03072015
2376,04072015
2377,05072015
2378,06072015
2379,07072015
2380,08072015
2381,09072015
2382,10072015
2383,11072015
2384,12072015
2385,13072015
2386,14072015
2387,15072015
2388,16072015
2389,17072015
2390,18072015
2391,19072015
2392,20072015
2393,21072015
2394,22072015
2395,23072015
2396,24072015
2397,25072015
2398,26072015
2399,27072015
2400,28072015
2401,29072015
2402,30072015
2403,31072015
